RK,TIERS,PLAYER NAME,TEAM,AVG_FAN PTS
1,1,CHRISTIAN MCCAFFREY,SF,20.3
2,1,CEEDEE LAMB,DAL,15.8
3,1,TYREEK HILL,MIA,16.1
4,1,JAMARR CHASE,CIN,10.2
5,1,JUSTIN JEFFERSON,MIN,13.4
6,2,AMON-RA ST BROWN,DET,13.2
7,2,BREECE HALL,NYJ,12.6
8,2,BIJAN ROBINSON,ATL,11.1
9,2,AJ BROWN,PHI,10.8
10,2,JONATHAN TAYLOR,IND,13.7
11,2,PUKA NACUA,LAR,11.4
12,3,GARRETT WILSON,NYJ,7.0
13,3,SAQUON BARKLEY,PHI,13.0
14,3,JAHMYR GIBBS,DET,12.7
15,3,BRANDON AIYUK,SF,10.9
16,3,DEEBO SAMUEL,SF,12.2
17,3,KYREN WILLIAMS,LAR,18.6
18,3,JOSH ALLEN,BUF,24.2
19,3,DERRICK HENRY,BAL,12.9
20,3,MIKE EVANS,TB,12.0
21,4,TRAVIS ETIENNE,JAC,13.2
22,4,MARVIN HARRISON,ARI,0
23,4,CHRIS OLAVE,NO,9.0
24,4,DAVANTE ADAMS,LV,9.6
25,4,JALEN HURTS,PHI,21.9
26,4,DJ MOORE,CHI,11.2
27,4,DK METCALF,SEA,10.0
28,4,NICO COLLINS,HOU,12.0
29,4,SAM LAPORTA,DET,9.0
30,4,PATRICK MAHOMES,KC,18.4
31,4,DRAKE LONDON,ATL,6.6
32,4,TRAVIS KELCE,KC,8.4
33,4,LAMAR JACKSON,BAL,21.1
34,5,JAYLEN WADDLE,MIA,9.0
35,5,ISIAH PACHECO,KC,12.1
36,5,JOSH JACOBS,GB,11.1
37,5,DEVON ACHANE,MIA,14.9
38,5,AMARI COOPER,CLE,10.3
39,5,DEVONTA SMITH,PHI,9.2
40,5,KENNETH WALKER,SEA,11.4
41,5,COOPER KUPP,LAR,8.8
42,5,RACHAAD WHITE,TB,12.0
43,5,TEE HIGGINS,CIN,8.0
44,5,JOE MIXON,HOU,12.6
45,5,MICHAEL PITTMAN,IND,8.8
46,5,JAMES COOK,BUF,11.1
47,5,MARK ANDREWS,BAL,9.0
48,5,CJ STROUD,HOU,18.7
49,5,NATHANIEL DELL,HOU,10.7
50,6,STEFON DIGGS,HOU,9.8
51,6,GEORGE PICKENS,PIT,8.6
52,6,ANTHONY RICHARDSON,IND,18.4
53,6,DAVID MONTGOMERY,DET,13.7
54,6,MALIK NABERS,NYG,0
55,6,JOE BURROW,CIN,15.3
56,6,DAK PRESCOTT,DAL,20.7
57,6,ZAY FLOWERS,BAL,8.1
58,6,KYLER MURRAY,ARI,18.9
59,6,AARON JONES,MIN,9.5
60,6,TREY MCBRIDE,ARI,5.9
61,6,ALVIN KAMARA,NO,12.2
62,6,JAYDEN REED,GB,9.6
63,6,CALVIN RIDLEY,TEN,9.1
64,6,JAMES CONNER,ARI,13.4
65,6,CHRISTIAN KIRK,JAC,7.8
66,6,NAJEE HARRIS,PIT,9.8
67,6,TERRY MCLAURIN,WAS,7.3
68,7,JORDAN LOVE,GB,19.4
69,7,GEORGE KITTLE,SF,8.6
70,7,ZAMIR WHITE,LV,3.9
71,7,RHAMONDRE STEVENSON,NE,9.0
72,7,KEENAN ALLEN,CHI,13.1
73,7,RAHEEM MOSTERT,MIA,16.2
74,7,BROCK PURDY,SF,19.2
75,7,DANDRE SWIFT,CHI,10.0
76,7,KYLE PITTS,ATL,5.0
77,7,TONY POLLARD,TEN,9.9
78,7,DEANDRE HOPKINS,TEN,8.7
79,7,MARQUISE BROWN,KC,6.0
80,7,DIONTAE JOHNSON,CAR,7.8
81,7,RASHEE RICE,KC,8.3
82,7,DALTON KINCAID,BUF,4.8
83,7,CHRISTIAN WATSON,GB,8.1
84,7,BRIAN ROBINSON,WAS,10.8
85,7,TUA TAGOVAILOA,MIA,16.7
86,7,JORDAN ADDISON,MIN,8.9
87,7,CHRIS GODWIN,TB,7.4
88,8,ZACK MOSS,CIN,10.2
89,8,DAVID NJOKU,CLE,7.5
90,8,NICK CHUBB,CLE,9.6
91,8,JARED GOFF,DET,17.8
92,8,CALEB WILLIAMS,CHI,0
93,8,JAVONTE WILLIAMS,DEN,8.3
94,8,JAYDEN DANIELS,WAS,0
95,8,JUSTIN HERBERT,LAC,18.5
96,8,XAVIER WORTHY,KC,0
97,8,JAKE FERGUSON,DAL,6.2
98,8,EVAN ENGRAM,JAC,6.8
99,8,DEVIN SINGLETARY,NYG,8.1
100,8,GUS EDWARDS,LAC,10.3
101,8,TREVOR LAWRENCE,JAC,17.3
102,8,COURTLAND SUTTON,DEN,8.2
103,8,KIRK COUSINS,ATL,19.3
104,8,JAYLEN WARREN,PIT,8.0
105,8,DALLAS GOEDERT,PHI,5.5
106,8,ROME ODUNZE,CHI,0
107,8,JAMESON WILLIAMS,DET,4.7
108,8,BROCK BOWERS,LV,0
109,8,MATTHEW STAFFORD,LAR,16.9
110,8,JAXON SMITH-NJIGBA,SEA,5.1
111,8,AUSTIN EKELER,WAS,9.6
112,8,TYJAE SPEARS,TEN,6.0
113,8,JONATHON BROOKS,CAR,0
114,8,DALTON SCHULTZ,HOU,6.1
115,9,TYLER LOCKETT,SEA,7.3
116,9,AARON RODGERS,NYJ,0.0
117,9,MIKE WILLIAMS,NYJ,10.4
118,9,EZEKIEL ELLIOTT,DAL,7.3
119,9,TREY BENSON,ARI,0
120,9,TJ HOCKENSON,MIN,8.3
121,9,PAT FREIERMUTH,PIT,3.7
122,9,DESHAUN WATSON,CLE,15.1
123,9,JAKOBI MEYERS,LV,9.2
124,9,JEROME FORD,CLE,9.8
125,9,COLE KMET,CHI,6.4
126,9,CHASE BROWN,CIN,3.3
127,9,BAKER MAYFIELD,TB,16.7
128,9,LADD MCCONKEY,LAC,0
129,9,ZACH CHARBONNET,SEA,4.6
130,9,BRIAN THOMAS,JAC,0
131,9,KEON COLEMAN,BUF,0
132,9,BLAKE CORUM,LAR,0
133,9,GABRIEL DAVIS,JAC,6.8
134,9,ROMEO DOUBS,GB,6.8
135,9,GENO SMITH,SEA,15.7
136,9,CHUBA HUBBARD,CAR,8.4
137,9,BRANDIN COOKS,DAL,7.5
138,9,RASHID SHAHEED,NO,6.8
139,9,CURTIS SAMUEL,BUF,6.0
140,9,WILL LEVIS,TEN,11.8
141,9,JERRY JEUDY,CLE,5.5
142,9,TYLER ALLGEIER,ATL,7.0
143,9,ANTONIO GIBSON,NE,5.0
144,9,TY CHANDLER,MIN,5.0
145,9,LUKE MUSGRAVE,GB,3.7
146,9,KENDRE MILLER,NO,4.2
147,9,JAHAN DOTSON,WAS,4.5
148,9,KHALIL HERBERT,CHI,7.7
149,9,RICO DOWDLE,DAL,4.7
150,10,JOSH PALMER,LAC,6.2
151,10,HUNTER HENRY,NE,5.6
152,10,JOSH DOWNS,IND,5.2
153,10,KHALIL SHAKIR,BUF,4.4
154,10,JUWAN JOHNSON,NO,4.7
155,10,DEREK CARR,NO,14.7
156,10,JALEEL MCLAUGHLIN,DEN,4.4
157,10,BALTIMORE RAVENS,BAL,10.2
158,10,TAYSOM HILL,NO,6.9
159,10,ROSCHON JOHNSON,CHI,4.5
160,10,DANIEL JONES,NYG,10.5
161,10,ADAM THIELEN,CAR,7.5
162,10,JK DOBBINS,LAC,9.7
163,10,MARSHAWN LLOYD,GB,0
164,10,SAN FRANCISCO 49ERS,SF,8.3
165,10,QUENTIN JOHNSTON,LAC,3.3
166,10,MARVIN MIMS,DEN,3.0
167,10,ADONAI MITCHELL,IND,0
168,10,ELIJAH MITCHELL,SF,3.8
169,10,JJ MCCARTHY,MIN,0
170,10,BRYCE YOUNG,CAR,10.4
171,10,CADE OTTON,TB,4.1
172,10,DALLAS COWBOYS,DAL,10.5
173,10,NEW YORK JETS,NYJ,9.1
174,10,MICHAEL WILSON,ARI,5.9
175,10,DONTAYVION WICKS,GB,5.4
176,10,CLEVELAND BROWNS,CLE,9.0
177,10,DARNELL MOONEY,ATL,3.2
178,10,DAMEON PIERCE,HOU,5.0
179,10,RUSSELL WILSON,PIT,17.7
180,10,RASHOD BATEMAN,BAL,2.8
181,10,RICKY PEARSALL,SF,0
182,10,CHIGOZIEM OKONKWO,TEN,3.5
183,11,BUFFALO BILLS,BUF,9.4
184,11,KANSAS CITY CHIEFS,KC,7.9
185,11,KINGSTON DAVIS,BUF,0
186,11,PITTSBURGH STEELERS,PIT,8.4
187,11,JAYLEN WRIGHT,MIA,0
188,11,MIAMI DOLPHINS,MIA,8.9
189,11,JUSTIN TUCKER,BAL,9.4
190,11,TUCKER KRAFT,GB,2.8
191,11,WANDALE ROBINSON,NYG,4.9
192,11,DEMARIO DOUGLAS,NE,4.2
193,11,XAVIER LEGETTE,CAR,0
194,11,ISAIAH LIKELY,BAL,4.2
195,11,ELIJAH MOORE,CLE,4.3
196,11,BRANDON AUBREY,DAL,10.6
197,11,NEW ORLEANS SAINTS,NO,8.4
198,11,KEATON MITCHELL,BAL,8.7
199,11,JERMAINE BURTON,CIN,0
200,11,AJ DILLON,GB,6.4
201,11,JASON SANDERS,MIA,8.6
202,11,HARRISON BUTKER,KC,9.1
203,11,ALEXANDER MATTISON,LV,6.5
204,11,JALYNN POLK,NE,0
205,11,BEN SINNOTT,WAS,0
206,11,PHILADELPHIA EAGLES,PHI,5.9
207,11,TYLER CONKLIN,NYJ,3.7
208,11,HOUSTON TEXANS,HOU,7.7
209,11,MILES SANDERS,CAR,3.8
210,11,TYLER BASS,BUF,7.8
211,11,DONTA FOREMAN,CLE,8.9
212,11,KAIMI FAIRBAIRN,HOU,9.5
213,11,JALIN HYATT,NYG,2.2
214,11,TROY FRANKLIN,DEN,0
215,11,JAKE ELLIOTT,PHI,9.2
216,11,KENNY GAINWELL,PHI,4.2
217,11,JAKE MOODY,SF,7.7
218,11,DARIUS SLAYTON,NYG,5.9
219,11,ROMAN WILSON,PIT,0
220,11,YOUNGHOE KOO,ATL,8.1
221,11,CHICAGO BEARS,CHI,7.1
222,11,MARKEISE IRVING,TB,0
223,11,BRAELON ALLEN,NYJ,0
224,11,EVAN MCPHERSON,CIN,8.2
225,11,DRAKE MAYE,NE,0
226,11,MICHAEL MAYER,LV,3.2
227,11,MINNESOTA VIKINGS,MIN,7.3
228,11,JAVON BAKER,NE,0
229,11,DEMARCUS ROBINSON,LAR,4.7
230,12,NOAH FANT,SEA,2.4
231,12,AUDRIC ESTIME,DEN,0
232,12,CAMERON DICKER,LAC,8.9
233,12,KIMANI VIDAL,LAC,0
234,12,CLYDE EDWARDS-HELAIRE,KC,3.5
235,12,CARTAVIOUS BIGSBY,JAC,1.4
236,12,ODELL BECKHAM,MIA,5.2
237,12,JAMAAL WILLIAMS,NO,3.3
238,12,MALACHI CORLEY,NYJ,0
239,12,TREYLON BURKS,TEN,2.2
240,12,MATT GAY,IND,9.2
241,12,KENDRICK BOURNE,NE,7.9
242,12,BO NIX,DEN,0
243,12,TYLER BOYD,TEN,4.6
244,12,JUSTIN FIELDS,PIT,18.4
245,12,DUSTIN HOPKINS,CLE,9.9
246,12,MIKE GESICKI,CIN,2.1
247,12,RONDALE MOORE,ATL,3.8
248,12,JUSTICE HILL,BAL,5.1
249,12,ZAY JONES,ARI,4.9
250,12,CAIRO SANTOS,CHI,9.3
251,12,INDIANAPOLIS COLTS,IND,8.2
252,12,AT PERRY,NO,4.9
253,12,DAWSON KNOX,BUF,2.7
254,12,TYRONE TRACY,NYG,0
255,12,JONATHAN MINGO,CAR,2.8
256,12,JELANI WOODS,IND,0
257,12,JASON MYERS,SEA,9.3
258,12,GARDNER MINSHEW,LV,12.8
259,12,DJ CHARK,LAC,5.4
260,12,DENVER BRONCOS,DEN,6.9
261,12,JATAVION SANDERS,CAR,0
262,12,WILL SHIPLEY,PHI,0
263,12,SAMAJE PERINE,DEN,4.2
264,12,DEVONTEZ WALKER,BAL,0
265,12,TYLER HIGBEE,LAR,4.1
266,12,GERALD EVERETT,CHI,4.0
267,12,ALEC PIERCE,IND,3.7
268,12,JOSH REYNOLDS,DEN,5.2
269,12,JACKSONVILLE JAGUARS,JAC,7.1
270,12,TREY PALMER,TB,3.3
271,12,KJ OSBORN,NE,4.5
272,12,CINCINNATI BENGALS,CIN,6.9
273,12,DANIEL CARLSON,LV,7.1
274,12,JALEN MCMILLAN,TB,0
275,12,JEFFERY WILSON,MIA,2.7
276,12,DETROIT LIONS,DET,6.3
277,13,CEDRIC TILLMAN,CLE,1.7
278,13,DEUCE VAUGHN,DAL,1.1
279,13,BLAKE GRUPE,NO,8.8
280,13,EVAN HULL,IND,0.7
281,13,ANDREI IOSIVAS,CIN,2.2
282,13,MICHAEL GALLUP,LV,3.2
283,13,JONNU SMITH,MIA,4.4
284,13,ISRAEL ABANIKANDA,NYJ,1.3
285,13,MICHAEL CARTER,ARI,2.3
286,13,GREG DULCICH,DEN,1.3
287,13,JORDAN MASON,SF,2.6
288,13,NOAH BROWN,HOU,6.9
289,13,ISAAC GUERENDO,SF,0
290,13,KADARIUS TONEY,KC,2.0
291,13,TREY SERMON,IND,1.4
292,13,CHRISTOPHER RODRIGUEZ,WAS,3.3
293,13,SAM DARNOLD,MIN,2.4
294,13,DERNEST JOHNSON,JAC,1.5
295,13,ZACH ERTZ,WAS,3.5
296,13,KAREEM HUNT,FA,6.9
297,13,LUKE MCCAFFREY,WAS,0
298,13,MICHAEL THOMAS,FA,5.1
299,13,PIERRE STRONG,CLE,2.2
300,13,BRENDEN RICE,LAC,0
301,13,AIDAN OCONNELL,LV,12.1
302,13,JACOB COWING,SF,0
303,13,DYLAN LAUBE,LV,0
304,13,CHASE EDMONDS,TB,2.0
305,13,ROBERT WOODS,HOU,3.5
306,13,JERICK MCKINNON,FA,5.0
307,13,EMARI DEMERCADO,ARI,3.7
308,13,LAS VEGAS RAIDERS,LV,8.6
309,13,GREG ZUERLEIN,NYJ,8.9
310,13,TYLER SCOTT,CHI,1.1
311,13,CORDARRELLE PATTERSON,PIT,2.0
312,13,RONNIE RIVERS,LAR,1.7
313,13,ERIC GRAY,NYG,0.5
314,13,MICHAEL PENIX,ATL,0
315,13,CAM AKERS,MIN,5.1
316,13,NEW ENGLAND PATRIOTS,NE,6.4
317,13,DANIEL BELLINGER,NYG,1.5
318,13,ISAIAH SPILLER,LAC,1.4
319,13,RASHAAD PENNY,CAR,1.3
320,13,JALEN TOLBERT,DAL,2.2
321,13,DARREN WALLER,FA,5.1
322,13,JACOBY BRISSETT,NE,7.6
323,13,DALVIN COOK,FA,1.7
324,13,GREG DORTCH,ARI,2.5
325,13,COLBY PARKINSON,LAR,2.2
326,13,CHATARIUS ATWELL,LAR,4.6
327,13,THEO JOHNSON,NYG,0
328,13,JOSHUA KELLEY,FA,3.2
329,14,GREEN BAY PACKERS,GB,6.8
330,14,HAYDEN HURST,LAC,2.4
331,14,SALVON AHMED,MIA,3.0
332,14,MALIK WASHINGTON,MIA,0
333,14,SAM HOWELL,SEA,16.3
334,14,DONALD PARHAM,LAC,3.8
335,14,MARQUEZ VALDES-SCANTLING,BUF,2.2
336,14,JUJU SMITH-SCHUSTER,NE,2.9
337,14,LOGAN THOMAS,SF,4.5
338,14,ALLEN LAZARD,NYJ,2.6
339,14,RASHEEN ALI,BAL,0
340,14,MATT BREIDA,FA,1.8
341,14,TRE TUCKER,LV,3.3
342,14,NELSON AGHOLOR,BAL,3.7
343,14,KALIF RAYMOND,DET,3.7
344,14,JAUAN JENNINGS,SF,2.5
345,14,SKYY MOORE,KC,2.3
346,14,DREW LOCK,NYG,8.0
347,14,WIL LUTZ,DEN,7.6
348,14,BO MELTON,GB,7.5
349,14,KENNY PICKETT,PHI,9.5
350,14,TIM PATRICK,DEN,0
351,14,JOHN METCHIE,HOU,1.0
352,14,NOAH GRAY,KC,2.5
353,14,BRANDON MCMANUS,FA,8.6
354,14,TANNER HUDSON,CIN,3.4
355,14,ERICK ALL,CIN,0
356,14,VAN JEFFERSON,PIT,1.3
357,14,CALVIN AUSTIN,PIT,2.1
358,14,KYLEN GRANSON,IND,2.9
359,14,DONOVAN PEOPLES-JONES,DET,1.0
360,14,HUNTER RENFROW,FA,1.4
361,14,BREVIN JORDAN,HOU,2.6
362,14,CRAIG REYNOLDS,DET,1.6
363,14,JUSTIN WATSON,KC,3.9
364,14,TAMPA BAY BUCCANEERS,TB,7.8
365,14,LOS ANGELES RAMS,LAR,4.9
366,14,JEREMY RUCKERT,NYJ,1.0
367,14,ISAIAH DAVIS,NYJ,0
368,14,TY JOHNSON,BUF,2.8
369,14,ROYCE FREEMAN,DAL,4.1
370,14,KEAONTAY INGRAM,KC,1.4
371,14,JOHNNY WILSON,PHI,0
372,14,LATAVIUS MURRAY,FA,4.1
373,14,MICHAEL BADGLEY,DET,6.5
374,14,JAMEIS WINSTON,CLE,2.1
375,14,CADE STOVER,HOU,0
376,14,WILL DISSLY,LAC,1.4
377,14,SEATTLE SEAHAWKS,SEA,6.4
378,14,JOE FLACCO,IND,21.8
379,14,JAHEIM BELL,NE,0
380,14,NEW YORK GIANTS,NYG,7.7
381,14,CHASE MCLAUGHLIN,TB,8.0
382,15,JARRETT STIDHAM,DEN,9.2
383,15,AINIAS SMITH,PHI,0
384,15,CAROLINA PANTHERS,CAR,4.2
385,15,GREG JOSEPH,GB,7.0
386,15,ATLANTA FALCONS,ATL,5.6
387,15,MATT PRATER,ARI,7.6
388,15,JAWHAR JORDAN,HOU,0
389,15,PARRIS CAMPBELL,PHI,0.9
390,15,TRAYVEON WILLIAMS,CIN,0.5
391,15,LOS ANGELES CHARGERS,LAC,6.6
392,15,FRANK GORE,BUF,0
393,15,TRENTON IRWIN,CIN,2.4
394,15,CEDRICK WILSON,NO,3.2
395,15,JOSH OLIVER,MIN,1.8
396,15,PARKER WASHINGTON,JAC,2.6
397,15,NICK WESTBROOK,TEN,4.1
398,15,CHRIS BOSWELL,PIT,7.8
399,15,GRAHAM GANO,NYG,6.3
400,15,ZACH WILSON,DEN,10.6
401,15,KENNY MCINTOSH,SEA,0
402,15,RILEY PATTERSON,JAC,6.2
403,15,CHASE CLAYPOOL,BUF,1.2
404,15,QUEZ WATKINS,PIT,2.2
405,15,JASE MCCLELLAN,ATL,0
406,15,BRANDON POWELL,MIN,2.2
407,15,WASHINGTON COMMANDERS,WAS,3.8
408,15,EDDY PINEIRO,CAR,7.3
409,15,JOHN MUNDT,MIN,1.4
410,15,DARNELL WASHINGTON,PIT,0.4
411,15,AUSTIN HOOPER,NE,1.4
412,15,JAKE BROWNING,CIN,16.7
413,15,JAMARI THRASH,CLE,0
414,15,KEVIN HARRIS,NE,4.6
415,15,ADAM TRAUTMAN,DEN,2.3
416,15,BRAXTON BERRIOS,MIA,1.9
417,15,SEAN TUCKER,TB,0.6
418,15,ANDERS CARLSON,GB,7.4
419,15,AMEER ABDULLAH,LV,1.3
420,15,MECOLE HARDMAN,KC,1.1
421,15,DAVIS ALLEN,LAR,1.0
422,15,XAVIER HUTCHINSON,HOU,0.9
423,15,TOMMY TREMBLE,CAR,2.3
424,15,CHARLIE JONES,CIN,1.2
425,15,MAC JONES,JAC,10.8
426,15,MALIK DAVIS,DAL,0.0
427,15,ZACH EVANS,LAR,0.5
428,15,FOSTER MOREAU,NO,1.7
429,15,XAVIER GIPSON,NYJ,2.2
430,15,NYHEIM HINES,CLE,0
431,15,SPENCER RATTLER,NO,0
432,15,DURHAM SMYTHE,MIA,2.3
433,15,WILL MALLORY,IND,1.7
434,15,DYAMI BROWN,WAS,1.4
435,15,TYLER GOODSON,IND,2.0
436,15,ANTHONY GOULD,IND,0
437,15,NICK FOLK,TEN,7.7
438,15,JERROD MEANS,NO,0
439,15,CHRIS MOORE,ARI,2.7
440,15,ISAIAH HODGINS,NYG,2.3
441,15,JARED WILEY,KC,0
442,15,DEON JACKSON,FA,-0.5
443,15,KENDALL MILTON,PHI,0
444,15,KYLE JUSZCZYK,SF,1.4
445,15,DEVANTE PARKER,FA,3.0
446,15,RYAN FLOURNOY,DAL,0
447,15,KYLE PHILIPS,TEN,1.8
448,15,LEONARD FOURNETTE,FA,2.0
449,15,BLAKE WATSON,DEN,0
450,15,CODY SCHRADER,SF,0
451,15,JAMISON CROWDER,WAS,1.2
452,15,JHAQUAN JACKSON,TEN,0
453,15,MACK HOLLINS,BUF,1.9
454,15,JUSTYN ROSS,KC,0.5
455,15,BOSTON SCOTT,LAR,1.0
456,15,DENZEL MIMS,PIT,0
457,15,AJ BARNER,SEA,0
458,15,KAVONTAE TURPIN,DAL,3.0
459,15,JAMYCAL HASTY,NE,0.0
460,15,KENE NWANGWU,MIN,0.2
461,16,JAKE BOBO,SEA,2.2
462,16,DEEJAY DALLAS,ARI,0.1
463,16,ISAIAH MCKENZIE,NYG,0.4
464,16,TYQUAN THORNTON,NE,1.6
465,16,COLE TURNER,WAS,1.0
466,16,LUKE SCHOONMAKER,DAL,1.1
467,16,DAVID BELL,CLE,2.3
468,16,IRV SMITH,KC,1.3
469,16,TERRACE MARSHALL,CAR,1.5
470,16,TIP REIMAN,ARI,0
471,16,ROBERT TONYAN,MIN,0.7
472,16,ANDY DALTON,CAR,7.9
473,16,MARCUS MARIOTA,WAS,4.3
474,16,DERIUS DAVIS,LAC,1.2
475,16,DILLON JOHNSON,TEN,0
476,16,CHRIS EVANS,CIN,0.2
477,16,TREY LANCE,DAL,0
478,16,JORDAN WHITTINGTON,LAR,0
479,16,BROCK WRIGHT,DET,1.1
480,16,MICHAEL WILEY,WAS,0
481,16,CASEY WASHINGTON,ATL,0
482,16,DAIJUN EDWARDS,PIT,0
483,16,DARRELL HENDERSON,FA,8.4
484,16,TRENT SHERFIELD,MIN,0.9
485,16,KEILAN ROBINSON,JAC,0
486,16,JORDAN AKINS,CLE,0.8
487,16,GARY BRIGHTWELL,FA,1.6
488,16,CHRISTOPHER BROOKS,MIA,2.6
489,16,MO ALIE-COX,IND,2.1
490,16,MYCOLE PRUITT,PIT,1.0
491,16,RYAN TANNEHILL,FA,9.7
492,16,EMANI BAILEY,KC,0
493,16,HARRISON BRYANT,LV,1.5
494,16,PHARAOH BROWN,SEA,1.5
495,16,LUCAS KRULL,DEN,2.2
496,16,TYROD TAYLOR,NYJ,8.2
