POS_RK,POS_TIERS,PLAYER NAME,TEAM,AVG_FAN PTS
1,1,CHRISTIAN MCCAFFREY,SF,20.3
2,1,BREECE HALL,NYJ,12.6
3,1,BIJAN ROBINSON,ATL,11.1
4,1,JONATHAN TAYLOR,IND,13.7
5,2,SAQUON BARKLEY,PHI,13.0
6,2,JAHMYR GIBBS,DET,12.7
7,2,KYREN WILLIAMS,LAR,18.6
8,2,DERRICK HENRY,BAL,12.9
9,2,TRAVIS ETIENNE,JAC,13.2
10,3,ISIAH PACHECO,KC,12.1
11,3,JOSH JACOBS,GB,11.1
12,3,DEVON ACHANE,MIA,14.9
13,3,KENNETH WALKER,SEA,11.4
14,3,JOE MIXON,HOU,12.6
15,3,RACHAAD WHITE,TB,12.0
16,3,JAMES COOK,BUF,11.1
17,4,DAVID MONTGOMERY,DET,13.7
18,4,AARON JONES,MIN,9.5
19,4,ALVIN KAMARA,NO,12.2
20,4,JAMES CONNER,ARI,13.4
21,4,NAJEE HARRIS,PIT,9.8
22,4,ZAMIR WHITE,LV,3.9
23,4,RHAMONDRE STEVENSON,NE,9.0
24,4,RAHEEM MOSTERT,MIA,16.2
25,4,DANDRE SWIFT,CHI,10.0
26,5,TONY POLLARD,TEN,9.9
27,5,BRIAN ROBINSON,WAS,10.8
28,5,ZACK MOSS,CIN,10.2
29,5,NICK CHUBB,CLE,9.6
30,5,JAVONTE WILLIAMS,DEN,8.3
31,5,GUS EDWARDS,LAC,10.3
32,5,DEVIN SINGLETARY,NYG,8.1
33,5,JAYLEN WARREN,PIT,8.0
34,5,AUSTIN EKELER,WAS,9.6
35,5,TYJAE SPEARS,TEN,6.0
36,5,JONATHON BROOKS,CAR,0
37,6,EZEKIEL ELLIOTT,DAL,7.3
38,6,TREY BENSON,ARI,0
39,6,JEROME FORD,CLE,9.8
40,6,CHASE BROWN,CIN,3.3
41,6,ZACH CHARBONNET,SEA,4.6
42,6,BLAKE CORUM,LAR,0
43,6,CHUBA HUBBARD,CAR,8.4
44,6,TYLER ALLGEIER,ATL,7.0
45,6,ANTONIO GIBSON,NE,5.0
46,6,KENDRE MILLER,NO,4.2
47,6,TY CHANDLER,MIN,5.0
48,6,KHALIL HERBERT,CHI,7.7
49,6,RICO DOWDLE,DAL,4.7
50,7,JALEEL MCLAUGHLIN,DEN,4.4
51,7,ROSCHON JOHNSON,CHI,4.5
52,7,MARSHAWN LLOYD,GB,0
53,7,JK DOBBINS,LAC,9.7
54,7,ELIJAH MITCHELL,SF,3.8
55,7,DAMEON PIERCE,HOU,5.0
56,7,KINGSTON DAVIS,BUF,0
57,7,JAYLEN WRIGHT,MIA,0
58,7,ALEXANDER MATTISON,LV,6.5
59,7,KEATON MITCHELL,BAL,8.7
60,7,AJ DILLON,GB,6.4
61,7,DONTA FOREMAN,CLE,8.9
62,7,KENNY GAINWELL,PHI,4.2
63,7,MILES SANDERS,CAR,3.8
64,7,MARKEISE IRVING,TB,0
65,7,BRAELON ALLEN,NYJ,0
66,7,AUDRIC ESTIME,DEN,0
67,7,CLYDE EDWARDS-HELAIRE,KC,3.5
68,7,CARTAVIOUS BIGSBY,JAC,1.4
69,7,JAMAAL WILLIAMS,NO,3.3
70,8,JUSTICE HILL,BAL,5.1
71,8,KIMANI VIDAL,LAC,0
72,8,SAMAJE PERINE,DEN,4.2
73,8,TYRONE TRACY,NYG,0
74,8,WILL SHIPLEY,PHI,0
75,8,DEUCE VAUGHN,DAL,1.1
76,8,JEFFERY WILSON,MIA,2.7
77,8,EVAN HULL,IND,0.7
78,8,MICHAEL CARTER,ARI,2.3
79,8,CHRISTOPHER RODRIGUEZ,WAS,3.3
80,8,ISRAEL ABANIKANDA,NYJ,1.3
81,8,ISAAC GUERENDO,SF,0
82,8,JORDAN MASON,SF,2.6
83,8,DERNEST JOHNSON,JAC,1.5
84,8,TREY SERMON,IND,1.4
85,8,CHASE EDMONDS,TB,2.0
86,8,PIERRE STRONG,CLE,2.2
87,8,KAREEM HUNT,FA,6.9
88,8,CORDARRELLE PATTERSON,PIT,2.0
89,8,DYLAN LAUBE,LV,0
90,8,EMARI DEMERCADO,ARI,3.7
91,9,RONNIE RIVERS,LAR,1.7
92,9,ERIC GRAY,NYG,0.5
93,9,CAM AKERS,MIN,5.1
94,9,JERICK MCKINNON,FA,5.0
95,9,ISAIAH SPILLER,LAC,1.4
96,9,RASHAAD PENNY,CAR,1.3
97,9,DALVIN COOK,FA,1.7
98,9,SALVON AHMED,MIA,3.0
99,9,JOSHUA KELLEY,FA,3.2
100,9,MATT BREIDA,FA,1.8
101,9,RASHEEN ALI,BAL,0
102,10,CRAIG REYNOLDS,DET,1.6
103,10,ROYCE FREEMAN,DAL,4.1
104,10,KEAONTAY INGRAM,KC,1.4
105,10,ISAIAH DAVIS,NYJ,0
106,10,TY JOHNSON,BUF,2.8
107,10,LATAVIUS MURRAY,FA,4.1
108,10,TRAYVEON WILLIAMS,CIN,0.5
109,10,JAWHAR JORDAN,HOU,0
110,10,KEVIN HARRIS,NE,4.6
111,10,AMEER ABDULLAH,LV,1.3
112,10,KENNY MCINTOSH,SEA,0
113,10,FRANK GORE,BUF,0
114,10,JASE MCCLELLAN,ATL,0
115,10,SEAN TUCKER,TB,0.6
116,10,NYHEIM HINES,CLE,0
117,10,MALIK DAVIS,DAL,0.0
118,10,KYLE JUSZCZYK,SF,1.4
119,10,BLAKE WATSON,DEN,0
120,10,KENE NWANGWU,MIN,0.2
121,10,MICHAEL WILEY,WAS,0
122,10,GARY BRIGHTWELL,FA,1.6
123,10,TYLER GOODSON,IND,2.0
124,10,KEILAN ROBINSON,JAC,0
125,10,CHRIS EVANS,CIN,0.2
126,10,ZACH EVANS,LAR,0.5
127,10,KENDALL MILTON,PHI,0
128,11,DEEJAY DALLAS,ARI,0.1
129,11,DAIJUN EDWARDS,PIT,0
130,11,EMANI BAILEY,KC,0
131,11,CODY SCHRADER,SF,0
132,11,DILLON JOHNSON,TEN,0
133,11,RAHEEM BLACKSHEAR,CAR,1.0
134,11,CHRISTOPHER BROOKS,MIA,2.6
135,11,LEONARD FOURNETTE,FA,2.0
136,11,DAIJUN EDWARDS,FA,0
137,11,BOSTON SCOTT,LAR,1.0
138,11,JULIUS CHESTNUT,TEN,0.0
139,11,AVERY WILLIAMS,ATL,0
140,11,LAMICAL PERINE,PIT,2.2
141,11,KESHAWN VAUGHN,FA,0.9
142,11,MYLES GASKIN,MIN,0
143,11,EMANUEL WILSON,GB,1.5
144,11,HUNTER LUEPKE,DAL,0.6
145,11,ZONOVAN KNIGHT,DET,1.1
146,11,DEON JACKSON,FA,-0.5
147,11,NOLAN HENDERSON,FA,0
148,11,JAMYCAL HASTY,NE,0.0
149,11,DENERIC PRINCE,KC,0
150,11,HASSAN HASKINS,TEN,0
151,11,DARRYNTON EVANS,BUF,3.8
152,11,JAMES ROBINSON,NO,0.0
153,11,DARE OGUNBOWALE,FA,0.8
154,11,MELVIN GORDON,FA,4.2
155,11,MIKE BOONE,CAR,0.7
156,11,ALEC INGOLD,MIA,0.7
157,11,PATRICK TAYLOR,SF,1.7
158,11,BRANDON BOLDEN,FA,2.2
159,11,PATRICK RICARD,BAL,0.7
160,11,REGGIE GILLIAM,BUF,0.0
161,11,TONY JONES,ARI,3.6
162,11,TYRION DAVIS-PRICE,PHI,2.1
163,11,DARRELL HENDERSON,FA,8.4
164,11,CJ HAM,MIN,0.2
165,11,JERMAR JEFFERSON,DET,0
166,12,MICHAEL BURTON,DEN,0.2
167,12,LEW NICHOLS,PHI,0
168,12,CARSON STEELE,KC,0
169,12,JORDAN MIMS,NO,0.0
170,12,DEWAYNE MCBRIDE,MIN,0
171,12,CAMERON SCARLETT,FA,0
172,12,DERRICK GORE,WAS,0.5
173,12,NICK BAWDEN,NYJ,0.5
174,12,JONATHAN WARD,PIT,0.2
175,12,GEORGE HOLANI,SEA,0
176,12,RYAN WILLIAMS,FA,0
177,12,JASHAUN CORBIN,NYG,0.4
178,12,KEITH SMITH,FA,0.3
179,12,KENNY HILLIARD,FA,0
180,12,ANTHONY MCFARLAND,FA,0.4
181,12,KHARI BLASINGAME,CHI,0.2
182,12,JEREMY MCNICHOLS,WAS,0.0
183,12,KENYAN DRAKE,FA,0.4
184,12,ELIJAH DOTSON,LAC,0.5
185,12,ERIC LAIR,FA,0.0
186,12,JAKE FUNK,DET,2.2
187,12,JONATHAN WILLIAMS,WAS,-0.2
188,12,ADAM PRENTICE,NO,0.0
